date,page,p95_ms,samples_n,runner_region
2026-05-05,/,1582,5,California
2026-05-05,/posts/,1035,5,California
2026-05-05,/about/,1062,5,California
2026-05-11,/,10001,5,Virginia
2026-05-11,/posts/,7580,5,Virginia
2026-05-11,/about/,6033,5,Virginia
2026-05-18,/,1517,5,Illinois
2026-05-18,/posts/,1596,5,Illinois
2026-05-18,/about/,1440,5,Illinois
2026-05-25,/,2369,5,Virginia
2026-05-25,/posts/,1261,5,Virginia
2026-05-25,/about/,1339,5,Virginia
2026-06-01,/,1744,5,Illinois
2026-06-01,/posts/,1207,5,Illinois
2026-06-01,/about/,1386,5,Illinois
2026-06-08,/,1793,5,Wyoming
2026-06-08,/posts/,1456,5,Wyoming
2026-06-08,/about/,1297,5,Wyoming
2026-06-15,/,1552,5,Arizona
2026-06-15,/posts/,1156,5,Arizona
2026-06-15,/about/,1231,5,Arizona
2026-06-22,/,1844,5,Illinois
2026-06-22,/posts/,1384,5,Illinois
2026-06-22,/about/,1384,5,Illinois
2026-06-29,/,1788,5,California
2026-06-29,/posts/,1037,5,California
2026-06-29,/about/,1194,5,California
2026-07-06,/,1543,5,California
2026-07-06,/posts/,2638,5,California
2026-07-06,/about/,1028,5,California
2026-07-13,/,1676,5,Arizona
2026-07-13,/posts/,1248,5,Arizona
2026-07-13,/about/,1168,5,Arizona
2026-07-20,/,2140,5,Illinois
2026-07-20,/posts/,1240,5,Illinois
2026-07-20,/about/,1389,5,Illinois
2026-07-27,/,1891,5,Virginia
2026-07-27,/posts/,1439,5,Virginia
2026-07-27,/about/,1653,5,Virginia
2026-08-03,/,1740,5,Arizona
2026-08-03,/posts/,1133,5,Arizona
2026-08-03,/about/,1058,5,Arizona
2026-08-10,/,1713,5,Arizona
2026-08-10,/posts/,1046,5,Arizona
2026-08-10,/about/,805,5,Arizona
2026-08-17,/,1375,5,California
2026-08-17,/posts/,1147,5,California
2026-08-17,/about/,1166,5,California
2026-08-24,/,1765,5,Illinois
2026-08-24,/posts/,1401,5,Illinois
2026-08-24,/about/,1186,5,Illinois
2026-08-31,/,1449,5,Arizona
2026-08-31,/posts/,1282,5,Arizona
2026-08-31,/about/,1103,5,Arizona
2026-09-07,/,1856,5,Illinois
2026-09-07,/posts/,1170,5,Illinois
2026-09-07,/about/,1456,5,Illinois
2026-09-14,/,1498,5,Wyoming
2026-09-14,/posts/,845,5,Wyoming
2026-09-14,/about/,1448,5,Wyoming
2026-09-21,/,1792,5,Virginia
2026-09-21,/posts/,1427,5,Virginia
2026-09-21,/about/,1518,5,Virginia
